Date,Open,High,Low,Close
2022-09-01,14.208999633789062,14.380000114440918,13.270000457763672,13.937000274658203
2022-09-02,14.100000381469727,14.170999526977539,13.590999603271484,13.647000312805176
2022-09-06,13.730999946594238,13.779000282287598,13.35099983215332,13.46500015258789
2022-09-07,13.562999725341797,13.838000297546387,13.345999717712402,13.71399974822998
2022-09-08,13.458999633789062,14.008000373840332,13.369000434875488,13.989999771118164
2022-09-09,14.156999588012695,14.473999977111816,14.12600040435791,14.38700008392334
2022-09-12,14.369000434875488,14.54699993133545,14.197999954223633,14.505000114440918
2022-09-13,13.802000045776367,13.92199993133545,13.098999977111816,13.130999565124512
2022-09-14,13.253999710083008,13.289999961853027,12.913000106811523,13.128000259399414
2022-09-15,13.015000343322754,13.232999801635742,12.789999961853027,12.928999900817871
2022-09-16,12.741999626159668,13.211999893188477,12.616999626159668,13.197999954223633
2022-09-19,13.01200008392334,13.463000297546387,13.010000228881836,13.381999969482422
2022-09-20,13.21500015258789,13.482999801635742,13.057000160217285,13.175999641418457
2022-09-21,13.213000297546387,14.031000137329102,13.109999656677246,13.26099967956543
2022-09-22,13.069999694824219,13.14900016784668,12.428000450134277,12.560999870300293
2022-09-23,12.420000076293945,12.611000061035156,12.256999969482422,12.515999794006348
2022-09-26,12.491000175476074,12.659000396728516,12.21399974822998,12.227999687194824
2022-09-27,12.506999969482422,12.736000061035156,12.258000373840332,12.413000106811523
2022-09-28,12.40999984741211,12.822999954223633,12.354000091552734,12.736000061035156
2022-09-29,12.447999954223633,12.5,11.946000099182129,12.220000267028809
2022-09-30,12.086999893188477,12.633000373840332,12.074999809265137,12.138999938964844
2022-10-03,12.347000122070312,12.678000450134277,12.104999542236328,12.51200008392334
2022-10-04,12.878999710083008,13.220000267028809,12.878999710083008,13.166999816894531
2022-10-05,12.91100025177002,13.321000099182129,12.621000289916992,13.208999633789062
2022-10-06,13.220000267028809,13.656000137329102,13.102999687194824,13.130000114440918
2022-10-07,12.505000114440918,12.670000076293945,12.022000312805176,12.076000213623047
2022-10-10,12.036999702453613,12.12399959564209,11.407999992370605,11.670000076293945
2022-10-11,11.560999870300293,11.845999717712402,11.282999992370605,11.586000442504883
2022-10-12,11.579000473022461,11.734999656677246,11.345000267028809,11.5
2022-10-13,10.970999717712402,12.07800006866455,10.812999725341797,11.960000038146973
2022-10-14,12.057000160217285,12.111000061035156,11.204000473022461,11.22700023651123
2022-10-17,11.517999649047852,11.947999954223633,11.517000198364258,11.887999534606934
2022-10-18,12.343999862670898,12.491999626159668,11.618000030517578,11.967000007629395
2022-10-19,11.878999710083008,12.350000381469727,11.833999633789062,12.050999641418457
2022-10-20,12.11299991607666,12.769000053405762,12.104999542236328,12.194000244140625
2022-10-21,12.097999572753906,12.498000144958496,11.88700008392334,12.465999603271484
2022-10-24,12.508000373840332,12.710000038146973,12.064000129699707,12.598999977111816
2022-10-25,12.694000244140625,13.300000190734863,12.663999557495117,13.26099967956543
2022-10-26,12.869000434875488,13.387999534606934,12.708000183105469,12.895999908447266
2022-10-27,13.630000114440918,13.838000297546387,13.121999740600586,13.175999641418457
2022-10-28,13.104000091552734,13.850000381469727,13.060999870300293,13.833999633789062
2022-10-31,13.777999877929688,13.838000297546387,13.29699993133545,13.496999740600586
2022-11-01,13.810999870300293,13.925000190734863,13.519000053405762,13.543000221252441
2022-11-02,13.850000381469727,14.210000038146973,13.211000442504883,13.218999862670898
2022-11-03,13.043000221252441,13.781000137329102,12.956000328063965,13.420999526977539
2022-11-04,13.986000061035156,14.229000091552734,13.696999549865723,14.156000137329102
2022-11-07,14.227999687194824,14.411999702453613,13.954000473022461,14.300999641418457
2022-11-08,14.800999641418457,14.890999794006348,14.215999603271484,14.60200023651123
2022-11-09,14.161999702453613,14.211000442504883,13.758999824523926,13.776000022888184
2022-11-10,14.800000190734863,15.77299976348877,14.54699993133545,15.75
2022-11-11,15.807000160217285,16.388999938964844,15.482000350952148,16.32699966430664
2022-11-14,16.218000411987305,16.540000915527344,15.92199993133545,16.295000076293945
2022-11-15,16.722000122070312,16.99799919128418,16.381999969482422,16.666000366210938
2022-11-16,16.16200065612793,16.36199951171875,15.873000144958496,15.90999984741211
2022-11-17,15.71500015258789,16.266000747680664,15.53499984741211,15.677000045776367
2022-11-18,15.965999603271484,16.00200080871582,15.119999885559082,15.409000396728516
2022-11-21,15.147000312805176,15.47700023651123,15.079999923706055,15.317000389099121
2022-11-22,15.32800006866455,16.058000564575195,15.121999740600586,16.038000106811523
2022-11-23,16.097999572753906,16.527000427246094,16.04800033569336,16.518999099731445
2022-11-25,16.31800079345703,16.48699951171875,16.172000885009766,16.270000457763672
2022-11-28,16.025999069213867,16.35700035095215,15.725000381469727,15.82699966430664
2022-11-29,15.82699966430664,15.932000160217285,15.520000457763672,15.638999938964844
2022-11-30,15.696999549865723,16.93000030517578,15.597000122070312,16.92300033569336
2022-12-01,16.999000549316406,17.264999389648438,16.635000228881836,17.135000228881836
2022-12-02,16.659000396728516,16.933000564575195,16.44499969482422,16.875999450683594
2022-12-05,16.679000854492188,16.9950008392334,16.472000122070312,16.610000610351562
2022-12-06,16.530000686645508,16.572999954223633,15.819000244140625,15.987000465393066
2022-12-07,15.772000312805176,16.18600082397461,15.666999816894531,16.1200008392334
2022-12-08,16.273000717163086,17.179000854492188,15.958999633789062,17.16900062561035
2022-12-09,17.15999984741211,17.58300018310547,16.975000381469727,17.000999450683594
2022-12-12,17.03700065612793,17.538000106811523,16.797000885009766,17.53499984741211
2022-12-13,18.5310001373291,18.790000915527344,17.711000442504883,18.07200050354004
2022-12-14,17.98699951171875,18.25200080871582,17.420000076293945,17.673999786376953
2022-12-15,17.145999908447266,17.31999969482422,16.700000762939453,16.95199966430664
2022-12-16,16.86400032043457,17.041000366210938,16.40999984741211,16.570999145507812
2022-12-19,16.57200050354004,16.608999252319336,16.145000457763672,16.253999710083008
2022-12-20,16.06399917602539,16.309999465942383,15.85200023651123,16.084999084472656
2022-12-21,16.11400032043457,16.62700080871582,16.101999282836914,16.500999450683594
2022-12-22,16.0939998626709,16.13800048828125,14.881999969482422,15.33899974822998
2022-12-23,15.196000099182129,15.33899974822998,14.883000373840332,15.206000328063965
2022-12-27,15.074000358581543,15.100000381469727,14.055999755859375,14.121000289916992
2022-12-28,13.927000045776367,14.26200008392334,13.883999824523926,14.03600025177002
2022-12-29,14.402000427246094,14.682999610900879,14.22700023651123,14.602999687194824
2022-12-30,14.333999633789062,14.628999710083008,14.232999801635742,14.61400032043457
2023-01-03,14.85099983215332,14.996000289916992,14.095999717712402,14.3149995803833
2023-01-04,14.567000389099121,14.852999687194824,14.241000175476074,14.74899959564209
2023-01-05,14.491000175476074,14.564000129699707,14.14799976348877,14.265000343322754
2023-01-06,14.473999977111816,15.010000228881836,14.034000396728516,14.859000205993652
2023-01-09,15.284000396728516,16.055999755859375,15.140999794006348,15.628000259399414
2023-01-10,15.506999969482422,15.961999893188477,15.472000122070312,15.909000396728516
2023-01-11,15.84000015258789,16.027999877929688,15.562999725341797,16.000999450683594
2023-01-12,16.100000381469727,16.636999130249023,15.491999626159668,16.51099967956543
2023-01-13,16.277999877929688,16.922000885009766,16.165000915527344,16.89900016784668
2023-01-17,16.89900016784668,17.72800064086914,16.89900016784668,17.70199966430664
2023-01-18,17.66699981689453,17.87299919128418,17.281999588012695,17.37700080871582
2023-01-19,17.035999298095703,17.19700050354004,16.731000900268555,16.764999389648438
2023-01-20,17.01099967956543,17.856000900268555,16.825000762939453,17.839000701904297
2023-01-23,18.06399917602539,19.2450008392334,17.81800079345703,19.19300079345703
2023-01-24,18.82699966430664,19.4950008392334,18.81999969482422,19.264999389648438
2023-01-25,18.913000106811523,19.3700008392334,18.579999923706055,19.322999954223633
2023-01-26,19.701000213623047,20.166000366210938,19.277999877929688,19.802000045776367
2023-01-27,19.461999893188477,20.628000259399414,19.405000686645508,20.364999771118164
2023-01-30,19.950000762939453,20.139999389648438,19.149999618530273,19.16200065612793
2023-01-31,19.170000076293945,19.687000274658203,18.950000762939453,19.53700065612793
2023-02-01,19.69099998474121,21.191999435424805,19.611000061035156,20.94300079345703
2023-02-02,21.0,21.948999404907227,20.700000762939453,21.708999633789062
2023-02-03,21.0,21.7450008392334,20.788999557495117,21.100000381469727
2023-02-06,20.805999755859375,21.56999969482422,20.785999298095703,21.089000701904297
2023-02-07,21.381999969482422,22.259000778198242,21.149999618530273,22.17300033569336
2023-02-08,22.386999130249023,22.878000259399414,22.007999420166016,22.204999923706055
2023-02-09,22.606000900268555,23.020000457763672,22.1200008392334,22.336999893188477
2023-02-10,21.690000534057617,22.077999114990234,20.81100082397461,21.264999389648438
2023-02-13,21.538000106811523,22.04800033569336,20.961999893188477,21.788000106811523
2023-02-14,21.577999114990234,23.048999786376953,21.365999221801758,22.97100067138672
2023-02-15,22.548999786376953,22.854999542236328,22.106000900268555,22.763999938964844
2023-02-16,22.132999420166016,22.549999237060547,21.927000045776367,22.00200080871582
2023-02-17,21.631000518798828,21.739999771118164,20.975000381469727,21.38800048828125
2023-02-21,21.0,21.493999481201172,20.618000030517578,20.655000686645508
2023-02-22,20.707000732421875,21.104000091552734,20.42099952697754,20.753999710083008
2023-02-23,23.440000534057617,23.88800048828125,23.024999618530273,23.663999557495117
2023-02-24,23.225000381469727,23.474000930786133,22.94700050354004,23.285999298095703
2023-02-27,23.670000076293945,23.8799991607666,23.45400047302246,23.500999450683594
2023-02-28,23.371999740600586,23.825000762939453,23.20599937438965,23.215999603271484
2023-03-01,23.191999435424805,23.256000518798828,22.507999420166016,22.697999954223633
2023-03-02,22.488000869750977,23.3799991607666,22.43199920654297,23.31399917602539
2023-03-03,23.31999969482422,23.899999618530273,23.1299991607666,23.889999389648438
2023-03-06,23.891000747680664,24.24799919128418,23.48699951171875,23.554000854492188
2023-03-07,23.600000381469727,24.125,23.240999221801758,23.288000106811523
2023-03-08,23.48699951171875,24.200000762939453,23.423999786376953,24.180999755859375
2023-03-09,24.174999237060547,24.45400047302246,23.382999420166016,23.43600082397461
2023-03-10,23.409000396728516,23.62700080871582,22.72599983215332,22.96500015258789
2023-03-13,22.75200080871582,23.29800033569336,22.297000885009766,22.965999603271484
2023-03-14,23.496000289916992,24.2189998626709,23.459999084472656,24.062999725341797
2023-03-15,23.76099967956543,24.285999298095703,23.360000610351562,24.22800064086914
2023-03-16,24.027000427246094,25.58799934387207,23.893999099731445,25.541000366210938
2023-03-17,25.98200035095215,26.39900016784668,25.667999267578125,25.725000381469727
2023-03-20,25.614999771118164,26.02400016784668,25.1299991607666,25.899999618530273
2023-03-21,26.18000030517578,26.392000198364258,25.381000518798828,26.198999404907227
2023-03-22,26.424999237060547,27.589000701904297,26.23699951171875,26.468000411987305
2023-03-23,27.114999771118164,27.499000549316406,26.690000534057617,27.19099998474121
2023-03-24,27.0310001373291,27.16699981689453,26.354999542236328,26.77899932861328
2023-03-27,26.836999893188477,27.0,26.364999771118164,26.5310001373291
2023-03-28,26.44700050354004,26.51300048828125,25.850000381469727,26.40999984741211
2023-03-29,26.825000762939453,27.077999114990234,26.597000122070312,26.983999252319336
2023-03-30,27.229000091552734,27.499000549316406,27.101999282836914,27.382999420166016
2023-03-31,27.139999389648438,27.833999633789062,27.104999542236328,27.777000427246094
2023-04-03,27.509000778198242,28.0,27.336000442504883,27.96500015258789
2023-04-04,27.965999603271484,28.0,27.30699920654297,27.452999114990234
2023-04-05,26.82900047302246,26.99799919128418,26.395000457763672,26.881000518798828
2023-04-06,26.583999633789062,27.079999923706055,26.427000045776367,27.03700065612793
2023-04-10,26.822999954223633,27.621000289916992,26.66900062561035,27.57900047302246
2023-04-11,27.724000930786133,27.790000915527344,27.125999450683594,27.16900062561035
2023-04-12,27.3700008392334,27.468000411987305,26.447999954223633,26.4950008392334
2023-04-13,26.733999252319336,26.886999130249023,26.32900047302246,26.46299934387207
2023-04-14,26.503999710083008,26.882999420166016,26.219999313354492,26.757999420166016
2023-04-17,26.565000534057617,27.006000518798828,26.433000564575195,27.00200080871582
2023-04-18,27.533000946044922,28.110000610351562,27.35700035095215,27.66699981689453
2023-04-19,27.361000061035156,28.0,27.23200035095215,27.930999755859375
2023-04-20,27.67099952697754,28.030000686645508,27.0,27.104000091552734
2023-04-21,26.95199966430664,27.183000564575195,26.722000122070312,27.118999481201172
2023-04-24,27.01300048828125,27.365999221801758,26.67099952697754,27.04199981689453
2023-04-25,27.077999114990234,27.246999740600586,26.225000381469727,26.240999221801758
2023-04-26,27.00200080871582,27.329999923706055,26.704999923706055,26.95599937438965
2023-04-27,27.363000869750977,27.4950008392334,26.625,27.22599983215332
2023-04-28,27.225000381469727,27.757999420166016,27.070999145507812,27.749000549316406
2023-05-01,27.84000015258789,29.058000564575195,27.780000686645508,28.90999984741211
2023-05-02,28.68000030517578,28.836000442504883,28.08300018310547,28.209999084472656
2023-05-03,27.84000015258789,28.367000579833984,27.472000122070312,27.802000045776367
2023-05-04,27.650999069213867,27.858999252319336,27.239999771118164,27.562000274658203
2023-05-05,27.826000213623047,28.7549991607666,27.731000900268555,28.68000030517578
2023-05-08,28.52199935913086,29.219999313354492,28.350000381469727,29.150999069213867
2023-05-09,28.89900016784668,28.972999572753906,28.450000762939453,28.570999145507812
2023-05-10,29.0049991607666,29.113000869750977,28.461000442504883,28.885000228881836
2023-05-11,28.895999908447266,28.950000762939453,28.246000289916992,28.577999114990234
2023-05-12,28.52899932861328,28.780000686645508,28.04599952697754,28.34000015258789
2023-05-15,28.507999420166016,28.9689998626709,28.152000427246094,28.952999114990234
2023-05-16,28.840999603271484,29.8700008392334,28.832000732421875,29.21299934387207
2023-05-17,29.583999633789062,30.198999404907227,29.43000030517578,30.17799949645996
2023-05-18,30.40999984741211,31.827999114990234,30.31999969482422,31.67799949645996
2023-05-19,31.535999298095703,31.579999923706055,30.916000366210938,31.263999938964844
2023-05-22,30.900999069213867,31.520000457763672,30.68000030517578,31.176000595092773
2023-05-23,31.0,31.288000106811523,30.631000518798828,30.687999725341797
2023-05-24,30.209999084472656,30.60700035095215,29.805999755859375,30.538000106811523
2023-05-25,38.52299880981445,39.47999954223633,36.6349983215332,37.97999954223633
2023-05-26,37.88999938964844,39.16999816894531,37.54999923706055,38.94599914550781
2023-05-30,40.595001220703125,41.9379997253418,39.94900131225586,40.111000061035156
2023-05-31,39.487998962402344,40.29499816894531,37.821998596191406,37.83399963378906
2023-06-01,38.48899841308594,40.04999923706055,38.34000015258789,39.77000045776367
2023-06-02,40.09700012207031,40.5,39.05799865722656,39.32699966430664
2023-06-05,38.909000396728516,39.564998626708984,38.707000732421875,39.17100143432617
2023-06-06,38.83000183105469,39.15999984741211,38.14799880981445,38.65399932861328
2023-06-07,38.915000915527344,39.499000549316406,37.35599899291992,37.474998474121094
2023-06-08,37.7239990234375,38.86399841308594,37.505001068115234,38.5099983215332
2023-06-09,39.0369987487793,39.71099853515625,38.56700134277344,38.77000045776367
2023-06-12,39.20000076293945,39.529998779296875,38.61800003051758,39.481998443603516
2023-06-13,40.18600082397461,41.10100173950195,39.7400016784668,41.02199935913086
2023-06-14,40.82400131225586,43.0,40.551998138427734,42.99700164794922
2023-06-15,42.60200119018555,43.28900146484375,42.14699935913086,42.65299987792969
2023-06-16,43.45000076293945,43.72100067138672,42.6609992980957,42.69200134277344
2023-06-20,42.99800109863281,43.9900016784668,42.67399978637695,43.80799865722656
2023-06-21,43.500999450683594,43.6150016784668,42.08000183105469,43.04499816894531
2023-06-22,42.25299835205078,43.42599868774414,42.23400115966797,43.025001525878906
2023-06-23,42.4640007019043,42.808998107910156,42.01499938964844,42.20899963378906
2023-06-26,42.46099853515625,42.763999938964844,40.099998474121094,40.63199996948242
2023-06-27,40.79899978637695,41.939998626708984,40.448001861572266,41.875999450683594
2023-06-28,40.65999984741211,41.845001220703125,40.518001556396484,41.117000579833984
2023-06-29,41.55799865722656,41.599998474121094,40.599998474121094,40.821998596191406
2023-06-30,41.68000030517578,42.54999923706055,41.500999450683594,42.301998138427734
2023-07-03,42.516998291015625,42.89799880981445,42.20199966430664,42.41299819946289
2023-07-05,42.1349983215332,43.176998138427734,42.084999084472656,42.31700134277344
2023-07-06,41.84400177001953,42.17900085449219,41.34600067138672,42.10300064086914
2023-07-07,42.321998596191406,43.2140007019043,42.18000030517578,42.50299835205078
2023-07-10,42.65700149536133,42.81100082397461,41.64899826049805,42.18000030517578
2023-07-11,42.48099899291992,42.757999420166016,42.06700134277344,42.404998779296875
2023-07-12,43.03300094604492,43.935001373291016,42.777000427246094,43.902000427246094
2023-07-13,44.518001556396484,46.154998779296875,44.492000579833984,45.97700119018555
2023-07-14,46.58300018310547,48.0880012512207,45.060001373291016,45.46900177001953
2023-07-17,46.28900146484375,46.49599838256836,45.262001037597656,46.46099853515625
2023-07-18,46.70100021362305,47.895999908447266,45.73400115966797,47.49399948120117
2023-07-19,47.4640007019043,47.81800079345703,46.742000579833984,47.07699966430664
2023-07-20,46.50699996948242,47.08700180053711,45.0620002746582,45.52000045776367
2023-07-21,45.78799819946289,45.86600112915039,44.099998474121094,44.308998107910156
2023-07-24,44.73099899291992,45.10900115966797,44.040000915527344,44.61199951171875
2023-07-25,44.941001892089844,46.18299865722656,44.92300033569336,45.67900085449219
2023-07-26,46.020999908447266,46.053001403808594,44.630001068115234,45.45199966430664
2023-07-27,46.51900100708008,47.39500045776367,45.75,45.900001525878906
2023-07-28,46.667999267578125,47.027000427246094,46.38100051879883,46.75
2023-07-31,46.75400161743164,47.130001068115234,46.50600051879883,46.729000091552734
2023-08-01,46.459999084472656,46.900001525878906,46.027000427246094,46.50699996948242
2023-08-02,45.83100128173828,45.84000015258789,43.387001037597656,44.26900100708008
2023-08-03,43.79999923706055,45.11800003051758,43.79999923706055,44.51499938964844
2023-08-04,44.98500061035156,45.641998291015625,44.393001556396484,44.68000030517578
2023-08-07,45.111000061035156,45.540000915527344,44.5629997253418,45.41699981689453
2023-08-08,44.85300064086914,45.242000579833984,44.055999755859375,44.66400146484375
2023-08-09,44.27399826049805,44.3120002746582,42.13399887084961,42.55400085449219
2023-08-10,42.15999984741211,43.57400131225586,41.834999084472656,42.38800048828125
2023-08-11,41.750999450683594,42.018001556396484,40.638999938964844,40.85499954223633
2023-08-14,40.486000061035156,43.79999923706055,40.31100082397461,43.75299835205078
2023-08-15,44.560001373291016,45.268001556396484,43.709999084472656,43.939998626708984
2023-08-16,44.52000045776367,44.67499923706055,43.40599822998047,43.486000061035156
2023-08-17,43.970001220703125,44.0620002746582,43.000999450683594,43.34400177001953
2023-08-18,42.6349983215332,43.577999114990234,41.65999984741211,43.29899978637695
2023-08-21,44.49399948120117,47.064998626708984,44.22200012207031,46.96699905395508
2023-08-22,48.1349983215332,48.1870002746582,45.33300018310547,45.667999267578125
2023-08-23,45.86600112915039,47.20000076293945,45.20800018310547,47.11600112915039
2023-08-24,50.215999603271484,50.26599884033203,47.159000396728516,47.16299819946289
2023-08-25,47.012001037597656,47.80500030517578,45.02399826049805,46.018001556396484
2023-08-28,46.481998443603516,46.97999954223633,44.88800048828125,46.834999084472656
2023-08-29,46.66600036621094,49.08100128173828,46.39099884033203,48.784000396728516
2023-08-30,49.04399871826172,49.926998138427734,48.42499923706055,49.263999938964844
2023-08-31,49.380001068115234,49.74399948120117,48.95800018310547,49.35499954223633
2023-09-01,49.762001037597656,49.79999923706055,48.141998291015625,48.50899887084961
2023-09-05,48.222999572753906,48.85100173950195,47.86000061035156,48.54800033569336
2023-09-06,48.441001892089844,48.54899978637695,46.58000183105469,47.06100082397461
2023-09-07,45.525001525878906,46.34400177001953,45.152000427246094,46.24100112915039
2023-09-08,45.94200134277344,46.60599899291992,45.270999908447266,45.571998596191406
2023-09-11,46.14799880981445,46.16299819946289,44.3120002746582,45.178001403808594
2023-09-12,44.737998962402344,45.67300033569336,44.53099822998047,44.869998931884766
2023-09-13,44.599998474121094,45.93000030517578,44.50299835205078,45.48500061035156
2023-09-14,45.95000076293945,45.98699951171875,45.13100051879883,45.58100128173828
2023-09-15,45.340999603271484,45.5989990234375,43.80799865722656,43.900001525878906
2023-09-18,42.74800109863281,44.242000579833984,42.0,43.965999603271484
2023-09-19,43.83300018310547,43.965999603271484,43.00199890136719,43.52000045776367
2023-09-20,43.599998474121094,43.90299987792969,42.222999572753906,42.23899841308594
2023-09-21,41.58300018310547,42.099998474121094,40.97999954223633,41.016998291015625
2023-09-22,41.571998596191406,42.1150016784668,41.23099899291992,41.61000061035156
2023-09-25,41.590999603271484,42.5359992980957,41.176998138427734,42.22200012207031
2023-09-26,42.000999450683594,42.81999969482422,41.654998779296875,41.9109992980957
2023-09-27,42.33000183105469,42.87200164794922,41.62900161743164,42.46799850463867
2023-09-28,42.459999084472656,43.44599914550781,42.1150016784668,43.0890007019043
2023-09-29,43.82699966430664,44.14400100708008,43.30699920654297,43.499000549316406
2023-10-02,44.029998779296875,45.17499923706055,43.861000061035156,44.78200149536133
2023-10-03,44.80799865722656,45.130001068115234,43.24599838256836,43.516998291015625
2023-10-04,43.742000579833984,44.143001556396484,43.29199981689453,44.04100036621094
2023-10-05,44.04999923706055,44.900001525878906,43.88800048828125,44.6879997253418
2023-10-06,44.19300079345703,45.78900146484375,44.0260009765625,45.762001037597656
2023-10-09,44.84199905395508,45.60499954223633,44.36800003051758,45.27299880981445
2023-10-10,45.310001373291016,46.25899887084961,45.0880012512207,45.79800033569336
2023-10-11,46.19599914550781,46.85900115966797,46.04999923706055,46.805999755859375
2023-10-12,46.777000427246094,47.60900115966797,46.33000183105469,46.94499969482422
2023-10-13,46.959999084472656,47.11600112915039,45.279998779296875,45.46099853515625
2023-10-16,45.0629997253418,46.224998474121094,44.9119987487793,46.095001220703125
2023-10-17,44.0,44.75400161743164,42.47999954223633,43.9379997253418
2023-10-18,42.590999603271484,43.21900177001953,41.82500076293945,42.19599914550781
2023-10-19,42.81100082397461,43.297000885009766,41.88199996948242,42.10100173950195
2023-10-20,41.88999938964844,42.470001220703125,41.077999114990234,41.387001037597656
2023-10-23,41.229000091552734,43.24800109863281,40.94499969482422,42.974998474121094
2023-10-24,43.07699966430664,43.696998596191406,42.691001892089844,43.66299819946289
2023-10-25,43.39799880981445,43.650001525878906,41.55500030517578,41.77899932861328
2023-10-26,41.85300064086914,42.25600051879883,39.880001068115234,40.32600021362305
2023-10-27,41.130001068115234,41.20600128173828,40.01499938964844,40.5
2023-10-30,41.08700180053711,41.76599884033203,40.48099899291992,41.1609992980957
2023-10-31,40.45000076293945,40.87900161743164,39.22999954223633,40.779998779296875
2023-11-01,40.88399887084961,42.38100051879883,40.86899948120117,42.32500076293945
2023-11-02,43.327999114990234,43.88399887084961,42.89400100708008,43.50600051879883
2023-11-03,44.02000045776367,45.308998107910156,43.722999572753906,45.005001068115234
2023-11-06,45.28499984741211,45.935001373291016,44.89899826049805,45.750999450683594
2023-11-07,45.71900177001953,46.21799850463867,45.15800094604492,45.95500183105469
2023-11-08,46.099998474121094,46.867000579833984,45.96799850463867,46.57400131225586
2023-11-09,47.46699905395508,48.22999954223633,46.75,46.95000076293945
2023-11-10,47.5,48.47200012207031,47.28300094604492,48.334999084472656
2023-11-13,48.31999969482422,49.11600112915039,48.0989990234375,48.619998931884766
2023-11-14,49.68000030517578,49.83399963378906,49.040000915527344,49.65599822998047
2023-11-15,49.935001373291016,49.959999084472656,48.20000076293945,48.88800048828125
2023-11-16,48.67900085449219,49.525001525878906,48.33000183105469,49.47999954223633
2023-11-17,49.52399826049805,49.71699905395508,49.00699996948242,49.29800033569336
2023-11-20,49.3120002746582,50.54800033569336,49.180999755859375,50.409000396728516
2023-11-21,50.125999450683594,50.516998291015625,49.22200012207031,49.944000244140625
2023-11-22,49.85200119018555,50.334999084472656,47.689998626708984,48.715999603271484
2023-11-24,48.470001220703125,48.92100143432617,47.744998931884766,47.7760009765625
2023-11-27,47.79999923706055,48.529998779296875,47.652000427246094,48.242000579833984
2023-11-28,48.236000061035156,48.323001861572266,47.472999572753906,47.82099914550781
2023-11-29,48.37900161743164,48.762001037597656,47.86000061035156,48.13999938964844
2023-11-30,48.02399826049805,48.11000061035156,46.422000885009766,46.77000045776367
2023-12-01,46.525001525878906,47.20000076293945,46.1870002746582,46.76499938964844
2023-12-04,46.07699966430664,46.07699966430664,45.0099983215332,45.5099983215332
2023-12-05,45.465999603271484,46.599998474121094,45.270999908447266,46.566001892089844
2023-12-06,47.21500015258789,47.387001037597656,45.4119987487793,45.50299835205078
2023-12-07,45.70000076293945,46.62900161743164,45.604000091552734,46.59600067138672
2023-12-08,46.595001220703125,47.74100112915039,46.54999923706055,47.50600051879883
2023-12-11,47.49100112915039,47.53099822998047,45.83000183105469,46.62699890136719
2023-12-12,46.04600143432617,47.66600036621094,46.04600143432617,47.65700149536133
2023-12-13,47.62900161743164,48.59400177001953,47.608001708984375,48.0880012512207
2023-12-14,48.38999938964844,48.66999816894531,47.422000885009766,48.349998474121094
2023-12-15,48.194000244140625,49.40399932861328,48.119998931884766,48.88999938964844
2023-12-18,49.400001525878906,50.43299865722656,49.150001525878906,50.07699966430664
2023-12-19,49.42399978637695,49.70000076293945,48.89500045776367,49.604000091552734
2023-12-20,49.654998779296875,49.999000549316406,48.097999572753906,48.111000061035156
2023-12-21,48.81100082397461,49.095001220703125,48.41899871826172,48.9900016784668
2023-12-22,49.19499969482422,49.382999420166016,48.46699905395508,48.83000183105469
2023-12-26,48.96799850463867,49.599998474121094,48.959999084472656,49.27899932861328
2023-12-27,49.51100158691406,49.68000030517578,49.084999084472656,49.41699981689453
2023-12-28,49.643001556396484,49.88399887084961,49.4119987487793,49.52199935913086
2023-12-29,49.8129997253418,49.99700164794922,48.750999450683594,49.52199935913086
2024-01-02,49.24399948120117,49.29499816894531,47.595001220703125,48.167999267578125
2024-01-03,47.48500061035156,48.183998107910156,47.31999969482422,47.569000244140625
2024-01-04,47.766998291015625,48.5,47.507999420166016,47.99800109863281
2024-01-05,48.46200180053711,49.547000885009766,48.305999755859375,49.09700012207031
2024-01-08,49.512001037597656,52.275001525878906,49.479000091552734,52.25299835205078
2024-01-09,52.4010009765625,54.32500076293945,51.689998626708984,53.13999938964844
2024-01-10,53.61600112915039,54.599998474121094,53.48899841308594,54.349998474121094
2024-01-11,54.999000549316406,55.34600067138672,53.560001373291016,54.821998596191406
2024-01-12,54.619998931884766,54.970001220703125,54.33000183105469,54.709999084472656
2024-01-16,55.018001556396484,56.834999084472656,54.900001525878906,56.38199996948242
2024-01-17,56.34700012207031,56.47100067138672,54.7400016784668,56.053001403808594
2024-01-18,57.2599983215332,57.599998474121094,56.106998443603516,57.106998443603516
2024-01-19,57.98899841308594,59.5,57.224998474121094,59.49100112915039
2024-01-22,60.04899978637695,60.33100128173828,59.06999969482422,59.65399932861328
2024-01-23,59.56999969482422,59.90999984741211,58.584999084472656,59.87300109863281
2024-01-24,60.30400085449219,62.8489990234375,59.9379997253418,61.36199951171875
2024-01-25,62.349998474121094,62.71900177001953,60.849998474121094,61.617000579833984
2024-01-26,60.959999084472656,61.78300094604492,60.573001861572266,61.03099822998047
2024-01-29,61.231998443603516,62.48899841308594,60.90700149536133,62.46500015258789
2024-01-30,62.900001525878906,63.49300003051758,62.2599983215332,62.77399826049805
2024-01-31,61.439998626708984,62.26900100708008,60.70000076293945,61.527000427246094
2024-02-01,62.099998474121094,63.191001892089844,61.650001525878906,63.027000427246094
2024-02-02,63.9739990234375,66.5999984741211,63.689998626708984,66.16000366210938
2024-02-05,68.2249984741211,69.49700164794922,67.20500183105469,69.33200073242188
2024-02-06,69.62999725341797,69.75399780273438,66.30000305175781,68.2229995727539
2024-02-07,68.31900024414062,70.22000122070312,67.5999984741211,70.0989990234375
2024-02-08,70.0739974975586,70.79399871826172,69.45500183105469,69.64099884033203
2024-02-09,70.53299713134766,72.18499755859375,70.21199798583984,72.13300323486328
2024-02-12,72.5999984741211,74.61100006103516,71.25,72.24800109863281
2024-02-13,70.4000015258789,73.44999694824219,69.62000274658203,72.12799835205078
2024-02-14,73.2020034790039,74.23600006103516,71.93800354003906,73.9000015258789
2024-02-15,73.86900329589844,73.9749984741211,72.4000015258789,72.65799713134766
2024-02-16,74.0999984741211,74.4020004272461,72.5009994506836,72.61299896240234
2024-02-20,71.9469985961914,71.95600128173828,67.73400115966797,69.4520034790039
2024-02-21,68.00599670410156,68.88800048828125,66.24800109863281,67.47200012207031
2024-02-22,75.0250015258789,78.57499694824219,74.22000122070312,78.53800201416016
2024-02-23,80.79000091552734,82.39399719238281,77.56999969482422,78.81700134277344
2024-02-26,79.69999694824219,80.64600372314453,78.50499725341797,79.09200286865234
2024-02-27,79.38099670410156,79.4800033569336,77.16200256347656,78.70099639892578
2024-02-28,77.62000274658203,78.93299865722656,77.125,77.66300201416016
2024-02-29,79.09400177001953,79.98999786376953,78.3499984741211,79.11199951171875
2024-03-01,80.0,82.30000305175781,79.43499755859375,82.27899932861328
2024-03-04,84.12999725341797,87.69499969482422,83.71900177001953,85.23699951171875
2024-03-05,85.2699966430664,86.09700012207031,83.41699981689453,85.96399688720703
2024-03-06,88.02200317382812,89.7239990234375,87.02999877929688,88.69999694824219
2024-03-07,90.15799713134766,92.76699829101562,89.60199737548828,92.66899871826172
2024-03-08,95.13800048828125,97.4000015258789,86.50599670410156,87.52799987792969
2024-03-11,86.42900085449219,88.7969970703125,84.16600036621094,85.77400207519531
2024-03-12,88.04900360107422,91.95999908447266,86.1500015258789,91.91300201416016
2024-03-13,91.05500030517578,91.50399780273438,88.43499755859375,90.88800048828125
2024-03-14,89.5770034790039,90.64600372314453,86.5999984741211,87.94400024414062
2024-03-15,86.93000030517578,89.5459976196289,86.25700378417969,87.83699798583984
2024-03-18,90.38800048828125,92.40499877929688,87.08499908447266,88.45500183105469
2024-03-19,86.69999694824219,90.54399871826172,85.01000213623047,89.39800262451172
2024-03-20,89.7969970703125,90.41000366210938,88.2229995727539,90.37200164794922
2024-03-21,92.30000305175781,92.64800262451172,90.40499877929688,91.43499755859375
2024-03-22,91.14099884033203,94.77799987792969,90.83399963378906,94.28900146484375
2024-03-25,93.94100189208984,96.76599884033203,93.51000213623047,95.00199890136719
2024-03-26,95.85099792480469,96.375,92.50199890136719,92.56099700927734
2024-03-27,93.11199951171875,93.23999786376953,89.12300109863281,90.25
2024-03-28,90.0,91.30000305175781,89.19300079345703,90.35600280761719
2024-04-01,90.29900360107422,92.2249984741211,89.2040023803711,90.36299896240234
2024-04-02,88.447998046875,90.09400177001953,87.62000274658203,89.4520034790039
2024-04-03,88.48400115966797,90.3740005493164,88.4000015258789,88.96399688720703
2024-04-04,90.40599822998047,90.63400268554688,85.87999725341797,85.90499877929688
2024-04-05,86.86599731445312,88.48100280761719,85.9260025024414,88.00800323486328
2024-04-08,88.69999694824219,88.83000183105469,86.73200225830078,87.13300323486328
2024-04-09,87.44200134277344,87.63500213623047,83.02200317382812,85.35399627685547
2024-04-10,83.9260025024414,87.4000015258789,83.70899963378906,87.03900146484375
2024-04-11,87.41999816894531,90.73899841308594,86.9260025024414,90.61599731445312
2024-04-12,89.6989974975586,90.17500305175781,87.52999877929688,88.18599700927734
2024-04-15,89.0979995727539,90.61299896240234,85.92900085449219,86.0009994506836
2024-04-16,86.43299865722656,88.11799621582031,86.06400299072266,87.41500091552734
2024-04-17,88.33999633789062,88.7750015258789,83.94999694824219,84.03500366210938
2024-04-18,84.97000122070312,86.19000244140625,82.4020004272461,84.6709976196289
2024-04-19,83.1500015258789,84.3239974975586,75.60600280761719,76.19999694824219
2024-04-22,78.10399627685547,80.072998046875,76.4000015258789,79.51799774169922
2024-04-23,80.76899719238281,82.76899719238281,80.26399993896484,82.4229965209961
2024-04-24,83.94999694824219,84.08200073242188,79.18299865722656,79.677001953125
2024-04-25,78.86799621582031,83.322998046875,78.2229995727539,82.63200378417969
2024-04-26,83.81800079345703,88.33100128173828,83.38700103759766,87.73500061035156
2024-04-29,87.59500122070312,87.99199676513672,85.26599884033203,87.75700378417969
2024-04-30,87.23999786376953,88.81900024414062,86.30000305175781,86.4020004272461
2024-05-01,85.0770034790039,86.0,81.25499725341797,83.04100036621094
2024-05-02,84.4489974975586,86.23699951171875,83.19999694824219,85.81700134277344
2024-05-03,87.78900146484375,89.28099822998047,87.04000091552734,88.78900146484375
2024-05-06,89.38999938964844,92.22000122070312,89.05500030517578,92.13999938964844
2024-05-07,91.0979995727539,91.78099822998047,89.01100158691406,90.55400085449219
2024-05-08,89.48300170898438,91.19400024414062,89.41999816894531,90.41200256347656
2024-05-09,90.52899932861328,91.0719985961914,88.23100280761719,88.74700164794922
2024-05-10,90.30500030517578,91.4010009765625,89.22699737548828,89.87799835205078
2024-05-13,90.47799682617188,90.99800109863281,88.52899932861328,90.39900207519531
2024-05-14,89.5989990234375,91.6510009765625,88.93399810791016,91.35600280761719
2024-05-15,92.47200012207031,94.86199951171875,91.5989990234375,94.62999725341797
2024-05-16,94.91000366210938,95.81900024414062,94.10299682617188,94.35900115966797
2024-05-17,94.36900329589844,94.73999786376953,91.80599975585938,92.47899627685547
2024-05-20,93.75,95.19999694824219,93.44000244140625,94.77999877929688
2024-05-21,93.5989990234375,95.4000015258789,93.18000030517578,95.38600158691406
2024-05-22,95.45899963378906,96.0199966430664,93.2490005493164,94.94999694824219
2024-05-23,102.02799987792969,106.31999969482422,101.5199966430664,103.79900360107422
2024-05-24,104.4489974975586,106.4749984741211,103.0,106.46900177001953
2024-05-28,110.24400329589844,114.93900299072266,109.88300323486328,113.9010009765625
2024-05-29,113.05000305175781,115.49199676513672,110.9010009765625,114.82499694824219
2024-05-30,114.6500015258789,115.81900024414062,109.66300201416016,110.5
2024-05-31,112.5199966430664,112.71700286865234,106.94000244140625,109.63300323486328
2024-06-03,113.62100219726562,115.0,112.00299835205078,115.0
2024-06-04,115.71600341796875,116.5999984741211,114.04499816894531,116.43699645996094
2024-06-05,118.37100219726562,122.4489974975586,117.46800231933594,122.44000244140625
2024-06-06,124.0479965209961,125.58699798583984,118.31999969482422,120.99800109863281
2024-06-07,119.7699966430664,121.69200134277344,118.02200317382812,120.88800048828125
2024-06-10,120.37000274658203,123.0999984741211,117.01000213623047,121.79000091552734
2024-06-11,121.7699966430664,122.87000274658203,118.73999786376953,120.91000366210938
2024-06-12,123.05999755859375,126.87999725341797,122.56999969482422,125.19999694824219
2024-06-13,129.38999938964844,129.8000030517578,127.16000366210938,129.61000061035156
2024-06-14,129.9600067138672,132.83999633789062,128.32000732421875,131.8800048828125
2024-06-17,132.99000549316406,133.72999572753906,129.5800018310547,130.97999572753906
2024-06-18,131.13999938964844,136.3300018310547,130.69000244140625,135.5800018310547
2024-06-20,139.8000030517578,140.75999450683594,129.52000427246094,130.77999877929688
2024-06-21,127.12000274658203,130.6300048828125,124.30000305175781,126.56999969482422
2024-06-24,123.23999786376953,124.45999908447266,118.04000091552734,118.11000061035156
2024-06-25,121.19999694824219,126.5,119.31999969482422,126.08999633789062
2024-06-26,126.12999725341797,128.1199951171875,122.5999984741211,126.4000015258789
2024-06-27,124.0999984741211,126.41000366210938,122.91999816894531,123.98999786376953
2024-06-28,124.58000183105469,127.70999908447266,122.75,123.54000091552734
2024-07-01,123.47000122070312,124.83999633789062,118.83000183105469,124.30000305175781
2024-07-02,121.12999725341797,123.41000366210938,121.02999877929688,122.66999816894531
2024-07-03,121.66000366210938,128.27999877929688,121.36000061035156,128.27999877929688
2024-07-05,127.37999725341797,128.85000610351562,125.68000030517578,125.83000183105469
2024-07-08,127.48999786376953,130.77000427246094,127.04000091552734,128.1999969482422
2024-07-09,130.35000610351562,133.82000732421875,128.64999389648438,131.3800048828125
2024-07-10,134.02999877929688,135.10000610351562,132.4199981689453,134.91000366210938
2024-07-11,135.75,136.14999389648438,127.05000305175781,127.4000015258789
2024-07-12,128.25999450683594,131.9199981689453,127.22000122070312,129.24000549316406
2024-07-15,130.55999755859375,131.38999938964844,127.18000030517578,128.44000244140625
2024-07-16,128.44000244140625,129.0399932861328,124.58000183105469,126.36000061035156
2024-07-17,121.3499984741211,121.8499984741211,116.72000122070312,117.98999786376953
2024-07-18,121.8499984741211,122.4000015258789,116.55999755859375,121.08999633789062
2024-07-19,120.3499984741211,121.5999984741211,117.37000274658203,117.93000030517578
2024-07-22,120.3499984741211,124.06999969482422,119.86000061035156,123.54000091552734
2024-07-23,122.77999877929688,124.69000244140625,122.0999984741211,122.58999633789062
2024-07-24,119.16999816894531,119.94999694824219,113.44000244140625,114.25
2024-07-25,113.04000091552734,116.62999725341797,106.30000305175781,112.27999877929688
2024-07-26,116.19000244140625,116.19999694824219,111.58000183105469,113.05999755859375
2024-07-29,113.69000244140625,116.27999877929688,111.30000305175781,111.58999633789062
2024-07-30,111.5199966430664,111.98999786376953,102.54000091552734,103.7300033569336
2024-07-31,112.9000015258789,118.33999633789062,110.87999725341797,117.0199966430664
2024-08-01,117.52999877929688,120.16000366210938,106.80999755859375,109.20999908447266
2024-08-02,103.76000213623047,108.72000122070312,101.37000274658203,107.2699966430664
2024-08-05,92.05999755859375,103.41000366210938,90.69000244140625,100.44999694824219
2024-08-06,103.83999633789062,107.70999908447266,100.55000305175781,104.25
2024-08-07,107.80999755859375,108.80000305175781,98.69000244140625,98.91000366210938
2024-08-08,102.0,105.5,97.5199966430664,104.97000122070312
2024-08-09,105.63999938964844,106.5999984741211,103.43000030517578,104.75
2024-08-12,106.31999969482422,111.06999969482422,106.26000213623047,109.0199966430664
2024-08-13,112.44000244140625,116.2300033569336,111.58000183105469,116.13999938964844
2024-08-14,118.52999877929688,118.5999984741211,114.06999969482422,118.08000183105469
2024-08-15,118.76000213623047,123.23999786376953,117.47000122070312,122.86000061035156
2024-08-16,121.94000244140625,125.0,121.18000030517578,124.58000183105469
2024-08-19,124.27999877929688,130.0,123.41999816894531,130.0
2024-08-20,128.39999389648438,129.8800048828125,125.88999938964844,127.25
2024-08-21,127.31999969482422,129.35000610351562,126.66000366210938,128.5
2024-08-22,130.02000427246094,130.75,123.0999984741211,123.73999786376953
2024-08-23,125.86000061035156,129.60000610351562,125.22000122070312,129.3699951171875
2024-08-26,129.57000732421875,131.25999450683594,124.37000274658203,126.45999908447266
2024-08-27,125.05000305175781,129.1999969482422,123.87999725341797,128.3000030517578
2024-08-28,128.1199951171875,128.3300018310547,122.63999938964844,125.61000061035156
2024-08-29,121.36000061035156,124.43000030517578,116.70999908447266,117.58999633789062
2024-08-30,119.52999877929688,121.75,117.22000122070312,119.37000274658203
2024-09-03,116.01000213623047,116.20999908447266,107.29000091552734,108.0
2024-09-04,105.41000366210938,113.2699966430664,104.12000274658203,106.20999908447266
2024-09-05,104.98999786376953,109.6500015258789,104.76000213623047,107.20999908447266
2024-09-06,108.04000091552734,108.1500015258789,100.94999694824219,102.83000183105469
2024-09-09,104.87999725341797,106.55000305175781,103.69000244140625,106.47000122070312
2024-09-10,107.80999755859375,109.4000015258789,104.94999694824219,108.0999984741211
2024-09-11,109.38999938964844,117.19000244140625,107.41999816894531,116.91000366210938
2024-09-12,116.83999633789062,120.79000091552734,115.37999725341797,119.13999938964844
2024-09-13,119.08000183105469,119.95999908447266,117.5999984741211,119.0999984741211
2024-09-16,116.79000091552734,118.18000030517578,114.36000061035156,116.77999877929688
2024-09-17,118.16999816894531,118.80000305175781,114.83000183105469,115.58999633789062
2024-09-18,115.88999938964844,117.69999694824219,113.22000122070312,113.37000274658203
2024-09-19,117.3499984741211,119.66000366210938,117.25,117.87000274658203
2024-09-20,117.05999755859375,118.62000274658203,115.38999938964844,116.0
2024-09-23,116.55000305175781,116.98999786376953,114.86000061035156,116.26000213623047
2024-09-24,116.5199966430664,121.80000305175781,115.37999725341797,120.87000274658203
2024-09-25,122.0199966430664,124.94000244140625,121.61000061035156,123.51000213623047
2024-09-26,126.80000305175781,127.66999816894531,121.80000305175781,124.04000091552734
2024-09-27,123.97000122070312,124.02999877929688,119.26000213623047,121.4000015258789
2024-09-30,118.30999755859375,121.5,118.1500015258789,121.44000244140625
2024-10-01,121.7699966430664,122.44000244140625,115.79000091552734,117.0
2024-10-02,116.44000244140625,119.37999725341797,115.13999938964844,118.8499984741211
2024-10-03,120.91999816894531,124.36000061035156,120.33999633789062,122.8499984741211
2024-10-04,124.94000244140625,125.04000091552734,121.83000183105469,124.91999816894531
2024-10-07,124.98999786376953,130.63999938964844,124.94999694824219,127.72000122070312
2024-10-08,130.25999450683594,133.47999572753906,129.4199981689453,132.88999938964844
2024-10-09,134.11000061035156,134.52000427246094,131.3800048828125,132.64999389648438
2024-10-10,131.91000366210938,135.0,131.0,134.80999755859375
2024-10-11,134.00999450683594,135.77999877929688,133.66000366210938,134.8000030517578
2024-10-14,136.47000122070312,139.60000610351562,136.3000030517578,138.07000732421875
2024-10-15,137.8699951171875,138.57000732421875,128.74000549316406,131.60000610351562
2024-10-16,133.97999572753906,136.6199951171875,131.5800018310547,135.72000122070312
2024-10-17,139.33999633789062,140.88999938964844,136.8699951171875,136.92999267578125
2024-10-18,138.6699981689453,138.89999389648438,137.27999877929688,138.0
2024-10-21,138.1300048828125,143.7100067138672,138.0,143.7100067138672
2024-10-22,142.91000366210938,144.4199981689453,141.77999877929688,143.58999633789062
2024-10-23,142.02999877929688,142.42999267578125,137.4600067138672,139.55999755859375
2024-10-24,140.82000732421875,141.35000610351562,138.4600067138672,140.41000366210938
2024-10-25,140.92999267578125,144.1300048828125,140.8000030517578,141.5399932861328
2024-10-28,143.0,143.13999938964844,140.0500030517578,140.52000427246094
2024-10-29,140.2899932861328,142.25999450683594,138.89999389648438,141.25
2024-10-30,139.5399932861328,140.3300018310547,136.80999755859375,139.33999633789062
2024-10-31,137.60000610351562,137.61000061035156,132.11000061035156,132.75999450683594
2024-11-01,134.6999969482422,137.30999755859375,134.57000732421875,135.39999389648438
2024-11-04,137.2100067138672,138.9600067138672,135.57000732421875,136.0500030517578
2024-11-05,137.4499969482422,140.3699951171875,137.3300018310547,139.91000366210938
2024-11-06,142.9600067138672,146.49000549316406,141.9600067138672,145.61000061035156
2024-11-07,146.38999938964844,148.92999267578125,146.1699981689453,148.8800048828125
2024-11-08,148.77000427246094,149.77000427246094,146.25999450683594,147.6300048828125
2024-11-11,148.67999267578125,148.85000610351562,143.57000732421875,145.25999450683594
2024-11-12,146.77999877929688,149.64999389648438,146.00999450683594,148.2899932861328
2024-11-13,149.07000732421875,149.3300018310547,145.89999389648438,146.27000427246094
2024-11-14,147.63999938964844,149.0,145.5500030517578,146.75999450683594
2024-11-15,144.8699951171875,145.24000549316406,140.0800018310547,141.97999572753906
2024-11-18,139.5,141.5500030517578,137.14999389648438,140.14999389648438
2024-11-19,141.32000732421875,147.1300048828125,140.99000549316406,147.00999450683594
2024-11-20,147.41000366210938,147.55999755859375,142.72999572753906,145.88999938964844
2024-11-21,149.35000610351562,152.88999938964844,140.6999969482422,146.6699981689453
2024-11-22,145.92999267578125,147.16000366210938,141.10000610351562,141.9499969482422
2024-11-25,141.99000549316406,142.0500030517578,135.82000732421875,136.02000427246094
2024-11-26,137.6999969482422,139.3000030517578,135.6699981689453,136.9199981689453
2024-11-27,135.00999450683594,137.22000122070312,131.8000030517578,135.33999633789062
2024-11-29,136.77999877929688,139.35000610351562,136.0500030517578,138.25
2024-12-02,138.8300018310547,140.4499969482422,137.82000732421875,138.6300048828125
2024-12-03,138.25999450683594,140.5399932861328,137.9499969482422,140.25999450683594
2024-12-04,142.0,145.7899932861328,140.2899932861328,145.13999938964844
2024-12-05,145.11000061035156,146.5399932861328,143.9499969482422,145.05999755859375
2024-12-06,144.60000610351562,145.6999969482422,141.30999755859375,142.44000244140625
2024-12-09,138.97000122070312,139.9499969482422,137.1300048828125,138.80999755859375
2024-12-10,139.00999450683594,141.82000732421875,133.7899932861328,135.07000732421875
2024-12-11,137.36000061035156,140.1699981689453,135.2100067138672,139.30999755859375
2024-12-12,137.0800018310547,138.44000244140625,135.8000030517578,137.33999633789062
2024-12-13,138.94000244140625,139.60000610351562,132.5399932861328,134.25
2024-12-16,134.17999267578125,134.39999389648438,130.4199981689453,132.0
2024-12-17,129.08999633789062,131.58999633789062,126.86000061035156,130.38999938964844
2024-12-18,133.86000061035156,136.6999969482422,128.27999877929688,128.91000366210938
2024-12-19,131.75999450683594,134.02999877929688,129.5500030517578,130.67999267578125
2024-12-20,129.80999755859375,135.27999877929688,128.22000122070312,134.6999969482422
2024-12-23,136.27999877929688,139.7899932861328,135.1199951171875,139.6699981689453
2024-12-24,140.0,141.89999389648438,138.64999389648438,140.22000122070312
2024-12-26,139.6999969482422,140.85000610351562,137.72999572753906,139.92999267578125
2024-12-27,138.5500030517578,139.02000427246094,134.7100067138672,137.00999450683594
2024-12-30,134.8300018310547,140.27000427246094,134.02000427246094,137.49000549316406
2024-12-31,138.02999877929688,138.07000732421875,133.8300018310547,134.2899932861328
2025-01-02,136.0,138.8800048828125,134.6300048828125,138.30999755859375
2025-01-03,140.00999450683594,144.89999389648438,139.72999572753906,144.47000122070312
2025-01-06,148.58999633789062,152.16000366210938,147.82000732421875,149.42999267578125
2025-01-07,153.02999877929688,153.1300048828125,140.00999450683594,140.13999938964844
2025-01-08,142.5800018310547,143.9499969482422,137.55999755859375,140.11000061035156
2025-01-10,137.4499969482422,139.9199981689453,134.22000122070312,135.91000366210938
2025-01-13,129.99000549316406,133.49000549316406,129.50999450683594,133.22999572753906
2025-01-14,136.0500030517578,136.3800048828125,130.0500030517578,131.75999450683594
2025-01-15,133.64999389648438,136.4499969482422,131.2899932861328,136.24000549316406
2025-01-16,138.63999938964844,138.75,133.49000549316406,133.57000732421875
2025-01-17,136.69000244140625,138.5,135.4600067138672,137.7100067138672
2025-01-21,139.16000366210938,141.8300018310547,137.08999633789062,140.8300018310547
2025-01-22,144.66000366210938,147.7899932861328,143.6699981689453,147.07000732421875
2025-01-23,145.0500030517578,147.22999572753906,143.72000122070312,147.22000122070312
2025-01-24,148.3699951171875,148.97000122070312,141.8800048828125,142.6199951171875
2025-01-27,124.80000305175781,128.39999389648438,116.69999694824219,118.41999816894531
2025-01-28,121.80999755859375,129.0,116.25,128.99000549316406
2025-01-29,126.5,126.88999938964844,120.05000305175781,123.69999694824219
2025-01-30,123.0999984741211,125.0,118.0999984741211,124.6500015258789
2025-01-31,123.77999877929688,127.8499984741211,119.19000244140625,120.06999969482422
2025-02-03,114.75,118.56999969482422,113.01000213623047,116.66000366210938
2025-02-04,116.95999908447266,121.19999694824219,116.69999694824219,118.6500015258789
2025-02-05,121.76000213623047,125.0,120.76000213623047,124.83000183105469
2025-02-06,127.41999816894531,128.77000427246094,125.20999908447266,128.67999267578125
2025-02-07,129.22000122070312,130.3699951171875,125.0,129.83999633789062
2025-02-10,130.08999633789062,135.0,129.9600067138672,133.57000732421875
2025-02-11,132.5800018310547,134.47999572753906,131.02000427246094,132.8000030517578
2025-02-12,130.02000427246094,132.24000549316406,129.0800018310547,131.13999938964844
2025-02-13,131.55999755859375,136.5,131.1699981689453,135.2899932861328
2025-02-14,136.47999572753906,139.25,135.5,138.85000610351562
2025-02-18,141.27000427246094,143.44000244140625,137.92999267578125,139.39999389648438
2025-02-19,139.50999450683594,141.36000061035156,137.22000122070312,139.22999572753906
2025-02-20,140.02999877929688,140.66000366210938,136.7899932861328,140.11000061035156
2025-02-21,140.0399932861328,141.4600067138672,134.02999877929688,134.42999267578125
2025-02-24,136.55999755859375,138.58999633789062,130.0800018310547,130.27999877929688
2025-02-25,129.97999572753906,130.1999969482422,124.44000244140625,126.62999725341797
2025-02-26,129.99000549316406,133.72999572753906,128.49000549316406,131.27999877929688
2025-02-27,135.0,135.00999450683594,120.01000213623047,120.1500015258789
2025-02-28,118.0199966430664,125.08999633789062,116.4000015258789,124.91999816894531
2025-03-03,123.51000213623047,123.69999694824219,112.27999877929688,114.05999755859375
2025-03-04,110.6500015258789,119.30999755859375,110.11000061035156,115.98999786376953
2025-03-05,117.58000183105469,118.27999877929688,114.51000213623047,117.30000305175781
2025-03-06,113.52999877929688,115.3499984741211,110.22000122070312,110.56999969482422
2025-03-07,111.25,113.4800033569336,107.55999755859375,112.69000244140625
2025-03-10,109.9000015258789,111.8499984741211,105.45999908447266,106.9800033569336
2025-03-11,106.98999786376953,112.23999786376953,104.7699966430664,108.76000213623047
2025-03-12,114.12000274658203,116.76000213623047,112.87999725341797,115.73999786376953
2025-03-13,117.02999877929688,117.76000213623047,113.79000091552734,115.58000183105469
2025-03-14,118.61000061035156,121.87999725341797,118.1500015258789,121.66999816894531
2025-03-17,122.73999786376953,122.88999938964844,118.02999877929688,119.52999877929688
2025-03-18,118.0,119.0199966430664,114.54000091552734,115.43000030517578
2025-03-19,117.2699966430664,120.44999694824219,115.68000030517578,117.5199966430664
2025-03-20,116.55000305175781,120.19999694824219,116.47000122070312,118.52999877929688
2025-03-21,116.94000244140625,117.98999786376953,115.41999816894531,117.69999694824219
2025-03-24,119.87999725341797,122.22000122070312,119.33999633789062,121.41000366210938
2025-03-25,120.55000305175781,121.29000091552734,118.91999816894531,120.69000244140625
2025-03-26,118.7300033569336,118.83999633789062,112.70999908447266,113.76000213623047
2025-03-27,111.3499984741211,114.44999694824219,110.66000366210938,111.43000030517578
2025-03-28,111.48999786376953,112.87000274658203,109.06999969482422,109.66999816894531
2025-03-31,105.12999725341797,110.95999908447266,103.6500015258789,108.37999725341797
2025-04-01,108.5199966430664,110.19999694824219,106.47000122070312,110.1500015258789
2025-04-02,107.29000091552734,111.9800033569336,106.79000091552734,110.41999816894531
2025-04-03,103.51000213623047,105.62999725341797,101.5999984741211,101.80000305175781
2025-04-04,98.91000366210938,100.12999725341797,92.11000061035156,94.30999755859375
2025-04-07,87.45999908447266,101.75,86.62000274658203,97.63999938964844
2025-04-08,103.80999755859375,105.8499984741211,94.45999908447266,96.30000305175781
2025-04-09,98.88999938964844,115.0999984741211,97.52999877929688,114.33000183105469
2025-04-10,109.37000274658203,110.86000061035156,99.1500015258789,107.56999969482422
2025-04-11,108.5,111.55000305175781,107.4800033569336,110.93000030517578
2025-04-14,114.11000061035156,114.29000091552734,109.06999969482422,110.70999908447266
2025-04-15,110.97000122070312,113.62000274658203,110.5,112.19999694824219
2025-04-16,104.55000305175781,106.79000091552734,100.44999694824219,104.48999786376953
2025-04-17,104.44999694824219,104.47000122070312,100.05000305175781,101.48999786376953
2025-04-21,98.7699966430664,99.44000244140625,95.04000091552734,96.91000366210938
2025-04-22,98.77999877929688,99.80999755859375,97.27999877929688,98.88999938964844
2025-04-23,104.5199966430664,104.80000305175781,102.0199966430664,102.70999908447266
2025-04-24,103.4800033569336,106.54000091552734,103.11000061035156,106.43000030517578
2025-04-25,106.8499984741211,111.91999816894531,105.7300033569336,111.01000213623047
2025-04-28,109.69000244140625,110.37000274658203,106.0199966430664,108.7300033569336
2025-04-29,107.66999816894531,110.19999694824219,107.44000244140625,109.0199966430664
2025-04-30,104.47000122070312,108.91999816894531,104.08000183105469,108.91999816894531
2025-05-01,113.08000183105469,114.94000244140625,111.30000305175781,111.61000061035156
2025-05-02,114.18000030517578,115.4000015258789,113.37000274658203,114.5
2025-05-05,112.91000366210938,114.66999816894531,112.66000366210938,113.81999969482422
2025-05-06,111.4800033569336,114.73999786376953,110.81999969482422,113.54000091552734
2025-05-07,113.05000305175781,117.68000030517578,112.27999877929688,117.05999755859375
2025-05-08,118.25,118.68000030517578,115.8499984741211,117.37000274658203
2025-05-09,117.3499984741211,118.2300033569336,115.20999908447266,116.6500015258789
2025-05-12,121.97000122070312,123.0,120.27999877929688,123.0
2025-05-13,124.9800033569336,131.22000122070312,124.47000122070312,129.92999267578125
2025-05-14,133.1999969482422,135.44000244140625,131.67999267578125,135.33999633789062
2025-05-15,134.2899932861328,136.3000030517578,132.66000366210938,134.8300018310547
2025-05-16,136.22000122070312,136.35000610351562,133.4600067138672,135.39999389648438
2025-05-19,132.38999938964844,135.8699951171875,132.38999938964844,135.57000732421875
2025-05-20,134.2899932861328,134.5800018310547,132.6199951171875,134.3800048828125
2025-05-21,133.05999755859375,137.39999389648438,130.58999633789062,131.8000030517578
2025-05-22,132.22999572753906,134.25,131.5500030517578,132.8300018310547
2025-05-23,130.0,132.67999267578125,129.16000366210938,131.2899932861328
2025-05-27,134.14999389648438,135.66000366210938,133.30999755859375,135.5
2025-05-28,136.02999877929688,137.25,134.7899932861328,134.80999755859375
2025-05-29,142.25,143.49000549316406,137.91000366210938,139.19000244140625
2025-05-30,138.72000122070312,139.6199951171875,132.9199981689453,135.1300048828125
2025-06-02,135.49000549316406,138.1199951171875,135.39999389648438,137.3800048828125
2025-06-03,138.77999877929688,142.0,137.9499969482422,141.22000122070312
2025-06-04,142.19000244140625,142.38999938964844,139.5399932861328,141.9199981689453
2025-06-05,142.1699981689453,144.0,138.8300018310547,139.99000549316406
2025-06-06,142.50999450683594,143.27000427246094,141.50999450683594,141.72000122070312
2025-06-09,143.19000244140625,145.0,141.94000244140625,142.6300048828125
2025-06-10,142.69000244140625,144.2899932861328,141.52999877929688,143.9600067138672
2025-06-11,144.61000061035156,144.99000549316406,141.8699951171875,142.8300018310547
2025-06-12,141.97000122070312,145.0,141.85000610351562,145.0
2025-06-13,142.47999572753906,143.5800018310547,140.85000610351562,141.97000122070312
2025-06-16,143.35000610351562,146.17999267578125,143.1999969482422,144.69000244140625
2025-06-17,144.49000549316406,145.22000122070312,143.77999877929688,144.1199951171875
2025-06-18,144.00999450683594,145.64999389648438,143.1199951171875,145.47999572753906
2025-06-20,145.4499969482422,146.1999969482422,142.64999389648438,143.85000610351562
2025-06-23,142.5,144.77999877929688,142.02999877929688,144.1699981689453
2025-06-24,145.55999755859375,147.9600067138672,145.5,147.89999389648438
2025-06-25,149.27000427246094,154.4499969482422,149.25999450683594,154.30999755859375
2025-06-26,155.97999572753906,156.72000122070312,154.0,155.02000427246094
2025-06-27,156.0399932861328,158.7100067138672,155.25999450683594,157.75
2025-06-30,158.39999389648438,158.66000366210938,155.9600067138672,157.99000549316406
2025-07-01,156.2899932861328,157.1999969482422,151.49000549316406,153.3000030517578
2025-07-02,152.97999572753906,157.60000610351562,152.97000122070312,157.25
2025-07-03,158.3699951171875,160.97999572753906,157.77000427246094,159.33999633789062
2025-07-07,158.1999969482422,159.30999755859375,157.33999633789062,158.24000549316406
2025-07-08,159.3300018310547,160.22000122070312,158.38999938964844,160.0
2025-07-09,161.22000122070312,164.4199981689453,161.16000366210938,162.8800048828125
2025-07-10,164.32000732421875,164.5,161.61000061035156,164.10000610351562
2025-07-11,163.72000122070312,167.88999938964844,163.47000122070312,164.9199981689453
2025-07-14,165.3699951171875,165.49000549316406,162.02000427246094,164.07000732421875
2025-07-15,171.19000244140625,172.39999389648438,169.1999969482422,170.6999969482422
2025-07-16,171.05999755859375,171.75,168.89999389648438,171.3699951171875
2025-07-17,172.02000427246094,174.16000366210938,170.8300018310547,173.0
2025-07-18,173.63999938964844,174.25,171.25999450683594,172.41000366210938
2025-07-21,172.75,173.3800048828125,171.0,171.3800048828125
2025-07-22,171.33999633789062,171.38999938964844,164.5800018310547,167.02999877929688
2025-07-23,169.52999877929688,171.25999450683594,167.97000122070312,170.77999877929688
2025-07-24,172.44000244140625,173.8300018310547,171.3000030517578,173.74000549316406
2025-07-25,173.61000061035156,174.72000122070312,172.9600067138672,173.5
2025-07-28,174.02000427246094,177.0,173.97000122070312,176.75
2025-07-29,177.9600067138672,179.3800048828125,175.02000427246094,175.50999450683594
2025-07-30,176.50999450683594,179.88999938964844,176.0399932861328,179.27000427246094
2025-07-31,182.89999389648438,183.3000030517578,175.92999267578125,177.8699951171875
2025-08-01,174.08999633789062,176.5399932861328,170.88999938964844,173.72000122070312
2025-08-04,175.16000366210938,180.1999969482422,174.52000427246094,180.0
2025-08-05,179.6199951171875,180.25999450683594,175.89999389648438,178.25999450683594
2025-08-06,176.3300018310547,179.89999389648438,176.25,179.4199981689453
2025-08-07,181.57000732421875,183.8800048828125,178.8000030517578,180.77000427246094
2025-08-08,181.5500030517578,183.3000030517578,180.39999389648438,182.6999969482422
2025-08-11,182.0500030517578,183.83999633789062,180.25,182.05999755859375
2025-08-12,182.9600067138672,184.47999572753906,179.4600067138672,183.16000366210938
2025-08-13,182.6199951171875,183.97000122070312,179.35000610351562,181.58999633789062
2025-08-14,179.75,183.02000427246094,179.4600067138672,182.02000427246094
2025-08-15,181.8800048828125,181.89999389648438,178.0399932861328,180.4499969482422
2025-08-18,180.60000610351562,182.94000244140625,180.58999633789062,182.00999450683594
2025-08-19,182.42999267578125,182.5,175.49000549316406,175.63999938964844
2025-08-20,175.1699981689453,176.0,168.8000030517578,175.39999389648438
2025-08-21,174.85000610351562,176.89999389648438,173.80999755859375,174.97999572753906
2025-08-22,172.61000061035156,178.58999633789062,171.1999969482422,177.99000549316406
2025-08-25,178.35000610351562,181.91000366210938,176.57000732421875,179.80999755859375
2025-08-26,180.05999755859375,182.38999938964844,178.80999755859375,181.77000427246094
2025-08-27,181.97999572753906,182.49000549316406,179.10000610351562,181.60000610351562
2025-08-28,180.82000732421875,184.47000122070312,176.41000366210938,180.1699981689453
2025-08-29,178.11000061035156,178.14999389648438,173.14999389648438,174.17999267578125
2025-09-02,170.0,172.3800048828125,167.22000122070312,170.77999877929688
2025-09-03,171.05999755859375,172.41000366210938,168.8800048828125,170.6199951171875
2025-09-04,170.57000732421875,171.86000061035156,169.41000366210938,171.66000366210938
2025-09-05,168.02999877929688,169.02999877929688,164.07000732421875,167.02000427246094
2025-09-08,167.5500030517578,170.9600067138672,167.35000610351562,168.30999755859375
2025-09-09,169.08999633789062,170.97999572753906,166.74000549316406,170.75999450683594
2025-09-10,176.63999938964844,179.2899932861328,175.47000122070312,177.3300018310547
2025-09-11,179.67999267578125,180.27999877929688,176.47999572753906,177.1699981689453
2025-09-12,177.77000427246094,178.60000610351562,176.4499969482422,177.82000732421875
2025-09-15,175.6699981689453,178.85000610351562,174.50999450683594,177.75
2025-09-16,177.0,177.5,174.3800048828125,174.8800048828125
2025-09-17,172.63999938964844,173.1999969482422,168.41000366210938,170.2899932861328
2025-09-18,173.97999572753906,177.10000610351562,172.9600067138672,176.24000549316406
2025-09-19,175.77000427246094,178.0800018310547,175.17999267578125,176.6699981689453
2025-09-22,175.3000030517578,184.5500030517578,174.7100067138672,183.61000061035156
2025-09-23,181.97000122070312,182.4199981689453,176.2100067138672,178.42999267578125
2025-09-24,179.77000427246094,179.77999877929688,175.39999389648438,176.97000122070312
2025-09-25,174.47999572753906,180.25999450683594,173.1300048828125,177.69000244140625
2025-09-26,178.1699981689453,179.77000427246094,174.92999267578125,178.19000244140625
2025-09-29,180.42999267578125,184.0,180.32000732421875,181.85000610351562
2025-09-30,182.0800018310547,187.35000610351562,181.47999572753906,186.5800018310547
2025-10-01,185.24000549316406,188.13999938964844,183.89999389648438,187.24000549316406
2025-10-02,189.60000610351562,191.0500030517578,188.05999755859375,188.88999938964844
2025-10-03,189.19000244140625,190.36000061035156,185.3800048828125,187.6199951171875
2025-10-06,185.5,187.22999572753906,183.3300018310547,185.5399932861328
2025-10-07,186.22999572753906,189.05999755859375,184.0,185.0399932861328
2025-10-08,186.57000732421875,189.60000610351562,186.5399932861328,189.11000061035156
2025-10-09,192.22999572753906,195.3000030517578,191.05999755859375,192.57000732421875
2025-10-10,193.50999450683594,195.6199951171875,182.0500030517578,183.16000366210938
2025-10-13,187.97000122070312,190.11000061035156,185.9600067138672,188.32000732421875
2025-10-14,184.77000427246094,184.8000030517578,179.6999969482422,180.02999877929688
2025-10-15,184.8000030517578,184.8699951171875,177.2899932861328,179.8300018310547
2025-10-16,182.22999572753906,183.27999877929688,179.77000427246094,181.80999755859375
2025-10-17,180.17999267578125,184.10000610351562,179.75,183.22000122070312
2025-10-20,183.1300048828125,185.1999969482422,181.72999572753906,182.63999938964844
2025-10-21,182.7899932861328,182.7899932861328,179.8000030517578,181.16000366210938
2025-10-22,181.13999938964844,183.44000244140625,176.75999450683594,180.27999877929688
2025-10-23,180.4199981689453,183.02999877929688,179.7899932861328,182.16000366210938
2025-10-24,183.83999633789062,187.47000122070312,183.5,186.25999450683594
2025-10-27,189.99000549316406,192.0,188.42999267578125,191.49000549316406
2025-10-28,193.0500030517578,203.14999389648438,191.91000366210938,201.02999877929688
2025-10-29,207.97999572753906,212.19000244140625,204.77999877929688,207.0399932861328
2025-10-30,205.14999389648438,206.16000366210938,201.41000366210938,202.88999938964844
2025-10-31,206.4499969482422,207.97000122070312,202.07000732421875,202.49000549316406
2025-11-03,208.0800018310547,211.33999633789062,205.55999755859375,206.8800048828125
2025-11-04,203.0,203.97000122070312,197.92999267578125,198.69000244140625
2025-11-05,198.77000427246094,202.9199981689453,194.64999389648438,195.2100067138672
2025-11-06,196.4199981689453,197.6199951171875,186.3800048828125,188.0800018310547
2025-11-07,184.89999389648438,188.32000732421875,178.91000366210938,188.14999389648438
2025-11-10,195.11000061035156,199.94000244140625,193.7899932861328,199.0500030517578
2025-11-11,195.16000366210938,195.4199981689453,191.3000030517578,193.16000366210938
2025-11-12,195.72000122070312,195.88999938964844,191.1300048828125,193.8000030517578
2025-11-13,191.0500030517578,191.44000244140625,183.85000610351562,186.86000061035156
2025-11-14,182.86000061035156,191.00999450683594,180.5800018310547,190.1699981689453
2025-11-17,185.97000122070312,189.0,184.32000732421875,186.60000610351562
2025-11-18,183.3800048828125,184.8000030517578,179.64999389648438,181.36000061035156
2025-11-19,184.7899932861328,187.86000061035156,182.8300018310547,186.52000427246094
2025-11-20,195.9499969482422,196.0,179.85000610351562,180.63999938964844
2025-11-21,181.24000549316406,184.55999755859375,172.92999267578125,178.8800048828125
2025-11-24,179.49000549316406,183.5,176.47999572753906,182.5500030517578
2025-11-25,174.91000366210938,178.16000366210938,169.5500030517578,177.82000732421875
2025-11-26,181.6300048828125,182.91000366210938,178.24000549316406,180.25999450683594
2025-11-28,179.00999450683594,179.2899932861328,176.5,177.0
2025-12-01,174.75999450683594,180.3000030517578,173.67999267578125,179.9199981689453
2025-12-02,181.75999450683594,185.66000366210938,180.0,181.4600067138672
2025-12-03,181.0800018310547,182.4499969482422,179.11000061035156,179.58999633789062
2025-12-04,181.6199951171875,184.52000427246094,179.9600067138672,183.3800048828125
2025-12-05,183.88999938964844,184.66000366210938,180.91000366210938,182.41000366210938
2025-12-08,182.63999938964844,188.0,182.39999389648438,185.5500030517578
2025-12-09,185.55999755859375,185.72000122070312,183.32000732421875,184.97000122070312
2025-12-10,184.97000122070312,185.47999572753906,182.0399932861328,183.77999877929688
2025-12-11,180.27999877929688,181.32000732421875,176.6199951171875,180.92999267578125
2025-12-12,181.11000061035156,182.82000732421875,174.6199951171875,175.02000427246094
2025-12-15,177.94000244140625,178.4199981689453,175.02999877929688,176.2899932861328
2025-12-16,176.25999450683594,178.49000549316406,174.89999389648438,177.72000122070312
2025-12-17,176.10000610351562,176.1300048828125,170.30999755859375,170.94000244140625
2025-12-18,174.52999877929688,176.14999389648438,171.82000732421875,174.13999938964844
2025-12-19,176.6699981689453,181.4499969482422,176.33999633789062,180.99000549316406
2025-12-22,183.9199981689453,184.16000366210938,182.35000610351562,183.69000244140625
2025-12-23,182.97000122070312,189.3300018310547,182.89999389648438,189.2100067138672
2025-12-24,187.94000244140625,188.91000366210938,186.58999633789062,188.61000061035156
2025-12-26,189.9199981689453,192.69000244140625,188.0,190.52999877929688
2025-12-29,187.7100067138672,188.75999450683594,185.91000366210938,188.22000122070312
2025-12-30,188.24000549316406,188.99000549316406,186.92999267578125,187.5399932861328
2025-12-31,189.57000732421875,190.55999755859375,186.49000549316406,186.5
2026-01-02,189.83999633789062,192.92999267578125,188.25999450683594,188.85000610351562
2026-01-05,191.75999450683594,193.6300048828125,186.14999389648438,188.1199951171875
2026-01-06,190.52000427246094,192.1699981689453,186.82000732421875,187.24000549316406
2026-01-07,188.57000732421875,191.3699951171875,186.55999755859375,189.11000061035156
2026-01-08,189.11000061035156,189.5500030517578,183.7100067138672,185.0399932861328
2026-01-09,185.0800018310547,186.33999633789062,183.6699981689453,184.86000061035156
2026-01-12,183.22000122070312,187.1199951171875,183.02000427246094,184.94000244140625
2026-01-13,185.0,188.11000061035156,183.39999389648438,185.80999755859375
2026-01-14,184.32000732421875,184.4600067138672,180.8000030517578,183.13999938964844
2026-01-15,186.5,189.6999969482422,186.3300018310547,187.0500030517578
2026-01-16,189.0800018310547,190.44000244140625,186.0800018310547,186.22999572753906
2026-01-20,181.89999389648438,182.3800048828125,177.61000061035156,178.07000732421875
2026-01-21,179.0500030517578,185.3800048828125,178.39999389648438,183.32000732421875
2026-01-22,184.75,186.1699981689453,183.92999267578125,184.83999633789062
2026-01-23,187.5,189.60000610351562,186.82000732421875,187.6699981689453
2026-01-26,187.16000366210938,189.1199951171875,185.99000549316406,186.47000122070312
2026-01-27,187.24000549316406,190.0,185.6999969482422,188.52000427246094
2026-01-28,191.27000427246094,192.35000610351562,189.83999633789062,191.52000427246094
2026-01-29,191.33999633789062,193.47999572753906,186.05999755859375,192.50999450683594
2026-01-30,191.2100067138672,194.49000549316406,189.47000122070312,191.1300048828125
2026-02-02,187.1999969482422,190.3000030517578,184.8800048828125,185.61000061035156
2026-02-03,186.24000549316406,186.27000427246094,176.22999572753906,180.33999633789062
2026-02-04,179.4600067138672,179.5800018310547,171.91000366210938,174.19000244140625
2026-02-05,174.92999267578125,176.82000732421875,171.02999877929688,171.8800048828125
2026-02-06,176.69000244140625,187.0,174.60000610351562,185.41000366210938
2026-02-09,184.25999450683594,193.66000366210938,183.9499969482422,190.0399932861328
2026-02-10,191.3800048828125,192.47999572753906,188.1199951171875,188.5399932861328
2026-02-11,192.4499969482422,193.25999450683594,188.77000427246094,190.0500030517578
2026-02-12,193.02999877929688,193.61000061035156,186.50999450683594,186.94000244140625
2026-02-13,187.47999572753906,187.5,181.58999633789062,182.80999755859375
2026-02-17,181.75,187.14999389648438,179.17999267578125,184.97000122070312
2026-02-18,188.75,190.3699951171875,186.75999450683594,187.97999572753906
2026-02-19,187.05999755859375,188.42999267578125,185.66000366210938,187.89999389648438
2026-02-20,186.57000732421875,190.3300018310547,185.94000244140625,189.82000732421875
2026-02-23,191.39999389648438,193.9499969482422,189.5800018310547,191.5500030517578
2026-02-24,191.49000549316406,193.77000427246094,187.39999389648438,192.85000610351562
2026-02-25,194.4499969482422,197.6300048828125,193.7899932861328,195.55999755859375
2026-02-26,194.27000427246094,194.2899932861328,184.32000732421875,184.88999938964844
2026-02-27,181.25,182.58999633789062,176.3800048828125,177.19000244140625
2026-03-02,175.00999450683594,183.4600067138672,174.63999938964844,182.47999572753906
2026-03-03,178.49000549316406,180.89999389648438,176.9199981689453,180.0500030517578
2026-03-04,180.44000244140625,184.6999969482422,180.05999755859375,183.0399932861328
2026-03-05,181.1699981689453,184.05999755859375,177.8800048828125,183.33999633789062
2026-03-06,179.83999633789062,182.75999450683594,176.82000732421875,177.82000732421875
2026-03-09,176.8300018310547,182.91000366210938,175.55999755859375,182.64999389648438
2026-03-10,182.39999389648438,186.44000244140625,182.00999450683594,184.77000427246094
2026-03-11,185.91000366210938,187.6199951171875,184.4499969482422,186.02999877929688
2026-03-12,184.0500030517578,184.94000244140625,181.75,183.13999938964844
2026-03-13,184.9199981689453,186.08999633789062,179.94000244140625,180.25
2026-03-16,182.97000122070312,188.8800048828125,181.41000366210938,183.22000122070312
2026-03-17,185.05999755859375,185.39999389648438,181.67999267578125,181.92999267578125
2026-03-18,182.47999572753906,183.3800048828125,180.3300018310547,180.39999389648438
2026-03-19,178.00999450683594,179.97999572753906,175.7899932861328,178.55999755859375
2026-03-20,178.0,178.25999450683594,171.72000122070312,172.6999969482422
2026-03-23,177.25999450683594,178.3699951171875,174.75999450683594,175.63999938964844
2026-03-24,174.8300018310547,176.22000122070312,173.97999572753906,175.1999969482422
2026-03-25,177.10000610351562,181.22000122070312,176.85000610351562,178.67999267578125
2026-03-26,176.07000732421875,176.50999450683594,171.13999938964844,171.24000549316406
2026-03-27,170.0,170.97000122070312,167.00999450683594,167.52000427246094
2026-03-30,168.77999877929688,169.4499969482422,164.27000427246094,165.1699981689453
2026-03-31,166.97000122070312,174.6199951171875,166.9600067138672,174.39999389648438
2026-04-01,176.0,177.3699951171875,174.75,175.75
2026-04-02,172.17999267578125,177.49000549316406,171.3699951171875,177.38999938964844
2026-04-06,177.16000366210938,177.7899932861328,175.75999450683594,177.63999938964844
2026-04-07,175.72999572753906,178.22999572753906,173.66000366210938,178.10000610351562
2026-04-08,184.5,185.25999450683594,180.3000030517578,182.0800018310547
2026-04-09,181.83999633789062,184.0800018310547,180.6199951171875,183.91000366210938
2026-04-10,184.30999755859375,190.0,184.3000030517578,188.6300048828125
2026-04-13,186.02999877929688,189.66000366210938,185.74000549316406,189.30999755859375
2026-04-14,190.83999633789062,196.50999450683594,190.77000427246094,196.50999450683594
2026-04-15,196.5399932861328,200.39999389648438,195.74000549316406,198.8699951171875
2026-04-16,197.42999267578125,199.85000610351562,195.80999755859375,198.35000610351562
2026-04-17,199.89999389648438,201.6999969482422,199.27000427246094,201.67999267578125
2026-04-20,199.97999572753906,202.1699981689453,197.83999633789062,202.05999755859375
2026-04-21,202.1300048828125,202.75,199.0,199.8800048828125
2026-04-22,200.99000549316406,202.5,199.0,202.5
2026-04-23,202.4600067138672,203.8300018310547,197.22000122070312,199.63999938964844
2026-04-24,199.9600067138672,210.9499969482422,199.80999755859375,208.27000427246094
2026-04-27,209.64999389648438,216.8300018310547,207.3800048828125,216.61000061035156
2026-04-28,209.49000549316406,214.72999572753906,208.1999969482422,213.1699981689453
2026-04-29,212.6999969482422,212.72000122070312,207.5800018310547,209.25
2026-04-30,209.92999267578125,210.3000030517578,198.6999969482422,199.57000732421875
2026-05-01,201.27999877929688,203.0,197.1199951171875,198.4499969482422
2026-05-04,199.5,201.72999572753906,194.74000549316406,198.47999572753906
2026-05-05,199.3000030517578,200.24000549316406,196.02999877929688,196.5
2026-05-06,199.88999938964844,208.27000427246094,198.61000061035156,207.8300018310547
2026-05-07,208.33999633789062,214.1999969482422,206.5,211.5
2026-05-08,213.02999877929688,217.8000030517578,212.88999938964844,215.1999969482422
2026-05-11,214.0399932861328,222.3000030517578,213.88999938964844,219.44000244140625
2026-05-12,218.5500030517578,223.75,214.9199981689453,220.77999877929688
2026-05-13,224.92999267578125,227.83999633789062,221.57000732421875,225.8300018310547
2026-05-14,229.85000610351562,236.5399932861328,229.3000030517578,235.74000549316406
2026-05-15,229.75999450683594,231.5,224.24000549316406,225.32000732421875
2026-05-18,229.8699951171875,230.0,218.3699951171875,222.32000732421875
2026-05-19,219.6199951171875,224.47999572753906,217.91000366210938,220.61000061035156
2026-05-20,223.17999267578125,226.1300048828125,220.5,223.47000122070312
2026-05-21,222.2899932861328,227.39999389648438,217.92999267578125,219.50999450683594
2026-05-22,220.89999389648438,221.00999450683594,214.8000030517578,215.3300018310547
2026-05-26,216.5399932861328,218.17999267578125,212.0,214.86000061035156
2026-05-27,214.1199951171875,214.14999389648438,208.77999877929688,212.60000610351562
2026-05-28,211.27999877929688,215.52000427246094,211.22000122070312,214.25
2026-05-29,214.5800018310547,217.86000061035156,211.1300048828125,211.13999938964844
2026-06-01,215.72999572753906,224.8699951171875,215.6999969482422,224.36000061035156
2026-06-02,227.17999267578125,232.27999877929688,221.35000610351562,222.82000732421875
2026-06-03,221.72000122070312,222.82000732421875,214.50999450683594,214.75
2026-06-04,213.91000366210938,221.60000610351562,210.97000122070312,218.66000366210938
2026-06-05,214.52999877929688,214.8699951171875,204.3300018310547,205.10000610351562
2026-06-08,210.17999267578125,210.47000122070312,206.0,208.63999938964844
2026-06-09,210.6199951171875,211.39999389648438,199.33999633789062,208.19000244140625
2026-06-10,204.42999267578125,207.22000122070312,199.9199981689453,200.4199981689453
2026-06-11,201.49000549316406,205.66000366210938,199.5399932861328,204.8699951171875
2026-06-12,204.86000061035156,207.07000732421875,203.44000244140625,205.19000244140625
2026-06-15,208.9199981689453,212.7100067138672,208.33999633789062,212.4499969482422
2026-06-16,211.17999267578125,211.49000549316406,207.2899932861328,207.41000366210938
2026-06-17,208.52999877929688,209.2100067138672,203.0800018310547,204.64999389648438
2026-06-18,207.3300018310547,211.38999938964844,206.5,210.69000244140625
2026-06-22,211.44000244140625,213.99000549316406,207.72000122070312,208.64999389648438
2026-06-23,202.1699981689453,203.77000427246094,200.0,200.0399932861328
2026-06-24,200.1199951171875,201.6699981689453,196.5800018310547,199.0
2026-06-25,200.0800018310547,200.8000030517578,192.1300048828125,195.74000549316406
2026-06-26,193.1199951171875,195.5500030517578,191.22000122070312,192.52999877929688
2026-06-29,193.85000610351562,196.17999267578125,189.8000030517578,194.97000122070312
2026-06-30,197.24000549316406,200.6300048828125,195.11000061035156,200.08999633789062
2026-07-01,196.1999969482422,199.85000610351562,193.4499969482422,197.5800018310547
2026-07-02,197.13999938964844,200.05999755859375,192.35000610351562,194.8300018310547
2026-07-06,194.4199981689453,197.5500030517578,193.99000549316406,195.5500030517578
2026-07-07,192.3699951171875,198.41000366210938,191.13999938964844,196.92999267578125
2026-07-08,195.17999267578125,205.16000366210938,195.05999755859375,204.1199951171875
2026-07-09,204.4600067138672,204.58999633789062,198.9600067138672,202.77999877929688
2026-07-10,202.0,211.0,201.9199981689453,210.9600067138672
2026-07-13,208.5399932861328,210.57000732421875,203.0,203.52999877929688
2026-07-14,208.1999969482422,212.5500030517578,203.8000030517578,211.8000030517578
2026-07-15,211.9600067138672,213.80999755859375,206.0399932861328,212.5
2026-07-16,210.1699981689453,211.0800018310547,205.85000610351562,207.39999389648438
2026-07-17,202.63999938964844,206.64999389648438,197.97000122070312,202.80999755859375
2026-07-20,205.8699951171875,207.74000549316406,202.27999877929688,203.27999877929688
2026-07-21,207.5399932861328,208.64999389648438,204.00999450683594,207.2899932861328
2026-07-22,205.80999755859375,214.38999938964844,204.9499969482422,212.05999755859375
2026-07-23,209.4600067138672,210.8699951171875,205.9600067138672,208.75999450683594
2026-07-24,207.4499969482422,211.91000366210938,204.80999755859375,206.83999633789062
2026-07-27,208.1999969482422,208.75,195.44000244140625,196.50999450683594
2026-07-28,195.0,198.6999969482422,192.74000549316406,197.00999450683594
2026-07-29,195.85000610351562,197.07000732421875,190.00999450683594,190.00999450683594
2026-07-30,193.4499969482422,197.25,191.52000427246094,195.0399932861328
2026-07-31,198.44000244140625,202.0,194.9499969482422,200.75
2026-08-03,197.69000244140625,208.74000549316406,196.85000610351562,206.63999938964844
2026-08-04,211.3000030517578,213.05999755859375,209.0500030517578,211.94000244140625
2026-08-05,216.86000061035156,222.22000122070312,216.39999389648438,219.22000122070312
2026-08-06,221.52999877929688,223.6300048828125,217.0,218.99000549316406
2026-08-07,221.5399932861328,224.75999450683594,220.66000366210938,223.9600067138672
2026-08-10,223.39999389648438,224.13999938964844,216.77000427246094,217.5500030517578
2026-08-11,222.1699981689453,222.1999969482422,216.1999969482422,217.5
2026-08-12,221.0399932861328,225.10000610351562,220.1999969482422,224.08999633789062
2026-08-13,225.05999755859375,227.22999572753906,223.7100067138672,225.3000030517578
2026-08-14,226.77000427246094,227.49000549316406,224.5,225.16000366210938
2026-08-17,225.97999572753906,227.9199981689453,224.86000061035156,225.00999450683594
2026-08-18,220.4499969482422,221.63999938964844,218.69000244140625,219.74000549316406
2026-08-19,221.6699981689453,222.8699951171875,216.75999450683594,217.55999755859375
2026-08-20,218.36000061035156,219.86000061035156,215.66000366210938,216.85000610351562
2026-08-21,218.4199981689453,218.74000549316406,214.5,214.72000122070312
2026-08-24,215.52999877929688,215.58999633789062,207.25,208.47999572753906
2026-08-25,211.02999877929688,214.72999572753906,210.11000061035156,213.0500030517578
2026-08-26,212.63999938964844,213.60000610351562,209.22999572753906,209.66000366210938
2026-08-27,222.86000061035156,230.47000122070312,220.89999389648438,227.97999572753906
2026-08-28,227.36000061035156,229.25999450683594,216.80999755859375,217.5500030517578
2026-08-31,218.8699951171875,221.3000030517578,216.2100067138672,220.77999877929688
2026-09-01,216.75,220.41000366210938,215.10000610351562,217.44000244140625
2026-09-02,218.7899932861328,227.9499969482422,218.47999572753906,224.41000366210938
2026-09-03,226.02000427246094,230.39999389648438,224.75,228.4499969482422
2026-09-04,231.08999633789062,234.75999450683594,229.6300048828125,230.36000061035156
2026-09-08,233.11000061035156,233.7100067138672,224.85000610351562,225.72999572753906
2026-09-09,225.27999877929688,226.17999267578125,223.4600067138672,223.6699981689453
2026-09-10,220.52999877929688,220.99000549316406,217.1999969482422,218.36000061035156
2026-09-11,221.24000549316406,222.0,218.14999389648438,218.2899932861328
2026-09-14,211.24000549316406,212.77000427246094,208.92999267578125,210.9600067138672
2026-09-15,213.3800048828125,213.94000244140625,211.16000366210938,212.1699981689453
2026-09-16,214.13999938964844,216.75999450683594,212.5,213.89999389648438
2026-09-17,218.3800048828125,219.91000366210938,217.14999389648438,219.33999633789062
2026-09-18,219.35000610351562,222.72999572753906,218.02999877929688,222.27000427246094
